genre_post-apocalyptic_video_game,post-apocalyptic video game
genre_combat_flight_simulator_game,combat flight simulator game
genre_simulation_game,simulation game
genre_war,war
genre_tabletop_game,tabletop game
genre_mech_simulation_game,mech simulation game
genre_drama_anime_and_manga,drama anime and manga
genre_rallying,rallying
genre_shogi_video_game,shogi video game
genre_shoot_'em_up,shoot 'em up
genre_Rocks-and-diamonds_video_game,Rocks-and-diamonds video game
genre_time_travel_video_game,time travel video game
genre_satire,satire
genre_crossword_video_game,crossword video game
genre_basketball_video_game,basketball video game
genre_driving_video_game,driving video game
genre_auto_racing,auto racing
genre_wine_harvest,wine harvest
genre_citizen_science,citizen science
genre_bingo,bingo
genre_casino_game,casino game
genre_historical_fantasy,historical fantasy
genre_bishōjo_game,bishōjo game
genre_judo_video_game,judo video game
genre_graphic_novel,graphic novel
genre_side-scrolling_role-playing_video_game,side-scrolling role-playing video game
genre_rugby_union_video_game,rugby union video game
genre_horror_video_game,horror video game
genre_nonogram_video_game,nonogram video game
genre_programming_game,programming game
genre_online_crane_game,online crane game
genre_association_football_management_game,association football management game
genre_art_game,art game
genre_browser_game,browser game
genre_alternate_history_video_game,alternate history video game
genre_solitaire_video_game,solitaire video game
genre_professional_wrestling_video_game,professional wrestling video game
genre_racing_video_game,racing video game
genre_auto_battler,auto battler
genre_spot_the_difference,spot the difference
genre_farming_simulation_video_game,farming simulation video game
genre_roller_skating_video_game,roller skating video game
genre_driving_simulator,driving simulator
genre_post-apocalyptic_fiction,post-apocalyptic fiction
genre_cheating,cheating
genre_spelling,spelling
genre_science_fiction_television_program,science fiction television program
genre_American_football_video_game,American football video game
genre_dōjin_game,dōjin game
genre_virtual_pet_video_game,virtual pet video game
genre_educational_software,educational software
genre_submarine_simulator,submarine simulator
genre_virtual_tour,virtual tour
genre_minigame,minigame
genre_dark_fantasy_video_game,dark fantasy video game
genre_pop_music,pop music
genre_winter_sports_video_game,winter sports video game
genre_text-based,text-based
genre_space_trading_and_combat_game,space trading and combat game
genre_space_combat_simulator,space combat simulator
genre_surfing_video_game,surfing video game
genre_card_game,card game
genre_karate_video_game,karate video game
genre_light-gun_shooter,light-gun shooter
genre_naval_warfare,naval warfare
genre_comics,comics
genre_management,management
genre_time_management_video_game,time management video game
genre_Tron-like,Tron-like
genre_multiplayer_video_game,multiplayer video game
genre_video_game_with_LGBT_character,video game with LGBT character
genre_gender_bender,gender bender
genre_historical_fiction,historical fiction
genre_alternate_reality_game,alternate reality game
genre_Monopoly,Monopoly
genre_superhero_fiction,superhero fiction
genre_mating,mating
genre_two-dimensional_space,two-dimensional space
genre_tube_shooter,tube shooter
genre_yuri_game,yuri game
genre_off-road_racing,off-road racing
genre_arena_shooter,arena shooter
genre_mystery_fiction,mystery fiction
genre_fixed_shooter,fixed shooter
genre_multicart,multicart
genre_fishing_video_game,fishing video game
genre_yuri,yuri
genre_guessing_game,guessing game
genre_parlour_game,parlour game
genre_Ship_Simulator,Ship Simulator
genre_zombie_video_game,zombie video game
genre_multiplayer_online_game,multiplayer online game
genre_mixed_martial_arts,mixed martial arts
genre_sumo_wrestling_video_game,sumo wrestling video game
genre_construction_and_management_simulation,construction and management simulation
genre_adult_comics,adult comics
genre_government_simulation_game,government simulation game
genre_mahjong_video_game,mahjong video game
genre_erotic_video_game,erotic video game
genre_space_flight_simulation_game,space flight simulation game
genre_skeet_shooting,skeet shooting
genre_action_role-playing_game,action role-playing game
genre_soulslike,soulslike
genre_scuba_diving_video_game,scuba diving video game
genre_massively_multiplayer_online_game,massively multiplayer online game
genre_post-apocalyptic_anime_and_manga,post-apocalyptic anime and manga
genre_golf,golf
genre_side-scrolling_video_game,side-scrolling video game
genre_game_jam,game jam
genre_Matching_game,Matching game
genre_walking_simulator,walking simulator
genre_Western,Western
genre_fiction,fiction
genre_virtual_reality,virtual reality
genre_science_fiction,science fiction
genre_German-style_board_game,German-style board game
genre_supernatural_anime,supernatural anime
genre_cheerleading_video_game,cheerleading video game
genre_vampire_video_game,vampire video game
genre_video_game_graphics,video game graphics
genre_Internet_forum,Internet forum
genre_wargame,wargame
genre_stealth_game,stealth game
genre_cooking,cooking
genre_athletics_video_game,athletics video game
genre_professional_wrestling,professional wrestling
genre_Australian_football_video_game,Australian football video game
genre_halloween_video_game,halloween video game
genre_space_opera,space opera
genre_social_deduction_game,social deduction game
genre_otome_game,otome game
genre_cycling_video_game,cycling video game
genre_advergame,advergame
genre_personal_water_craft_racing_video_game,personal water craft racing video game
genre_word_game,word game
genre_collectible_card_video_game,collectible card video game
genre_third-person_view,third-person view
genre_Global_warming_game,Global warming game
genre_horror_eroge,horror eroge
genre_flight_simulator,flight simulator
genre_DATA_CARDDASS,DATA CARDDASS
genre_RPG,RPG
genre_first-person_shooter,first-person shooter
genre_physics_game,physics game
genre_boss_game,boss game
genre_horse_racing_video_game,horse racing video game
genre_sound_novel,sound novel
genre_BMX_video_game,BMX video game
genre_multidirectional_shooter,multidirectional shooter
genre_turn-based_tactics,turn-based tactics
genre_art,art
genre_biopunk,biopunk
genre_kart_racing_game,kart racing game
genre_time_management,time management
genre_card_video_game,card video game
genre_turn-based_Japanese_role-playing_game,turn-based Japanese role-playing game
genre_sim_racing,sim racing
genre_gacha_game,gacha game
genre_multiplayer_online_battle_arena,multiplayer online battle arena
genre_fan-adventure,fan-adventure
genre_drama_film,drama film
genre_player_versus_player,player versus player
genre_game_of_chance,game of chance
genre_space_simulator,space simulator
genre_audio_game,audio game
genre_third-person_shooter,third-person shooter
genre_action_puzzle_video_game,action puzzle video game
genre_rhythm_game,rhythm game
genre_massively_multiplayer_online_real-time_strategy_game,massively multiplayer online real-time strategy game
genre_free-to-play,free-to-play
genre_space_combat_simulation_game,space combat simulation game
genre_NASCAR_video_game,NASCAR video game
genre_vertically_scrolling_shooter,vertically scrolling shooter
genre_massively_multiplayer_browser_game,massively multiplayer browser game
genre_Southern_Gothic,Southern Gothic
genre_children's_game,children's game
genre_multiple_perspectives_role-playing,multiple perspectives role-playing
genre_cabal_shooter,cabal shooter
genre_robinsonade,robinsonade
genre_arcade-style_video_game,arcade-style video game
genre_zombie_apocalyptic_video_game,zombie apocalyptic video game
genre_city-building_game,city-building game
genre_sailing_simulator,sailing simulator
genre_action_fiction,action fiction
genre_board_game,board game
genre_http://www.wikidata.org/.well-known/genid/02b8d222741aa29c50a7e6fbba10b875,http://www.wikidata.org/.well-known/genid/02b8d222741aa29c50a7e6fbba10b875
genre_ghost_story,ghost story
genre_paintball_video_game,paintball video game
genre_tilesweeper,tilesweeper
genre_snooker,snooker
genre_list_of_party_video_games,list of party video games
genre_dystopian_fiction,dystopian fiction
genre_magical_girl,magical girl
genre_arcade_video_game_machine,arcade video game machine
genre_propaganda,propaganda
genre_interactive_art,interactive art
genre_educational_entertainment,educational entertainment
genre_platform_game,platform game
genre_real-time_strategy,real-time strategy
genre_parody_video_game,parody video game
genre_maze_video_game,maze video game
genre_collectible_card_game,collectible card game
genre_arcade_racing_game,arcade racing game
genre_chess_video_game,chess video game
genre_survival_game,survival game
genre_MUD,MUD
genre_sudoku_video_game,sudoku video game
genre_quiz,quiz
genre_massively_multiplayer_online_first-person_shooter_game,massively multiplayer online first-person shooter game
genre_cave_flyer,cave flyer
genre_air_hockey_video_game,air hockey video game
genre_horror_literature,horror literature
genre_pinball_video_game,pinball video game
genre_looter_shooter,looter shooter
genre_fantasy,fantasy
genre_language_arts,language arts
genre_historical_drama,historical drama
genre_social_simulation_game,social simulation game
genre_gambling_video_game,gambling video game
genre_drama_fiction,drama fiction
genre_skateboarding_video_game,skateboarding video game
genre_jigsaw_puzzle,jigsaw puzzle
genre_mecha,mecha
genre_Canadian_football_video_game,Canadian football video game
genre_sokoban_video_game,sokoban video game
genre_aerobics,aerobics
genre_historical_game,historical game
genre_arena,arena
genre_comedy_television_program,comedy television program
genre_nonlinear_gameplay,nonlinear gameplay
genre_neo-noir,neo-noir
genre_Category:Mech_simulation_video_games,Category:Mech simulation video games
genre_road_movie,road movie
genre_exergaming,exergaming
genre_game_show,game show
genre_tic-tac-toe,tic-tac-toe
genre_Othello,Othello
genre_history,history
genre_strip_poker_video_game,strip poker video game
genre_pool_video_game,pool video game
genre_graphic_adventure_game,graphic adventure game
genre_supernatural_horror_game,supernatural horror game
genre_4X,4X
genre_raising_sim_video_game,raising sim video game
genre_magical_girl_video_game,magical girl video game
genre_golf_video_game,golf video game
genre_hidden_object_game,hidden object game
genre_entertainment,entertainment
genre_episodic_video_game,episodic video game
genre_abstract_strategy_game,abstract strategy game
genre_hunting_video_game,hunting video game
genre_3D_computer_graphics_software,3D computer graphics software
genre_physics,physics
genre_fantasy_sports_video_game,fantasy sports video game
genre_school_anime_and_manga,school anime and manga
genre_baseball_video_game,baseball video game
genre_tactical_shooter,tactical shooter
genre_list_of_ninja_video_games,list of ninja video games
genre_railway_game,railway game
genre_thriller,thriller
genre_computer_chess,computer chess
genre_machine_translation,machine translation
genre_hentai,hentai
genre_cyberpunk,cyberpunk
genre_fantasy_anime_and_manga,fantasy anime and manga
genre_historical_educational_game,historical educational game
genre_romantic_comedy_anime_and_manga,romantic comedy anime and manga
genre_news,news
genre_deck-building_game,deck-building game
genre_race_game,race game
genre_love_triangle_romance,love triangle romance
genre_memento_mori,memento mori
genre_darts_video_game,darts video game
genre_poker_video_game,poker video game
genre_vehicular_combat_game,vehicular combat game
genre_B_movie,B movie
genre_online_and_offline,online and offline
genre_vehicle_simulation_game,vehicle simulation game
genre_supernatural_fiction,supernatural fiction
genre_urban_fantasy,urban fantasy
genre_Japanese_role-playing_game,Japanese role-playing game
genre_run_and_gun,run and gun
genre_speed_reading,speed reading
genre_life_simulation_game,life simulation game
genre_interactive_film,interactive film
genre_list_of_artificial_pet_games,list of artificial pet games
genre_game_creation_system,game creation system
genre_snowboarding_video_game,snowboarding video game
genre_adventure_anime_and_manga,adventure anime and manga
genre_trade_simulation_game,trade simulation game
genre_steampunk_video_game,steampunk video game
genre_puzzle-platformer,puzzle-platformer
genre_ecchi,ecchi
genre_fantasy_sport,fantasy sport
genre_beat_'em_up,beat 'em up
genre_typing_tutor,typing tutor
genre_racing_management_video_game,racing management video game
genre_trivia_video_game,trivia video game
genre_targeting,targeting
genre_motorcycle_simulation_game,motorcycle simulation game
genre_future,future
genre_cue_sports_video_game,cue sports video game
genre_novel,novel
genre_psychological_horror,psychological horror
genre_MUSH,MUSH
genre_film_noir,film noir
genre_augmented_reality,augmented reality
genre_bowling_video_game,bowling video game
genre_pool,pool
genre_full_motion_video,full motion video
genre_pornography,pornography
genre_sports_manager_video_game,sports manager video game
genre_social_networking_service,social networking service
genre_hybrid_literary_genre,hybrid literary genre
genre_virtual_world,virtual world
genre_platform_fighter,platform fighter
genre_yaoi,yaoi
genre_digital_pet,digital pet
genre_roguelite,roguelite
genre_pachinko,pachinko
genre_BASIC,BASIC
genre_puzzle_video_game,puzzle video game
genre_eroge,eroge
genre_aerial_warfare,aerial warfare
genre_gambling,gambling
genre_comedy_anime_and_manga,comedy anime and manga
genre_combat,combat
genre_boxing,boxing
genre_strategic_game,strategic game
genre_ship_simulation_game,ship simulation game
genre_landscape_art,landscape art
genre_The_3D_Gamemaker,The 3D Gamemaker
genre_checkers_video_game,checkers video game
genre_online_game,online game
genre_science_fiction_anime_and_manga,science fiction anime and manga
genre_real-time_tactics,real-time tactics
genre_coming-of-age_fiction,coming-of-age fiction
genre_Christmas_film,Christmas film
genre_sport,sport
genre_party_game,party game
genre_ice_hockey_video_game,ice hockey video game
genre_dictionary,dictionary
genre_serious_game,serious game
genre_scrolling_shooter,scrolling shooter
genre_crime_fiction,crime fiction
genre_agricultural_science,agricultural science
genre_dungeon_crawl,dungeon crawl
genre_Pong,Pong
genre_human-based_computation_game,human-based computation game
genre_Nazi_propaganda,Nazi propaganda
genre_retro_FPS,retro FPS
genre_cue_sports,cue sports
genre_productivity,productivity
genre_computer_wargame,computer wargame
genre_fashion_and_beauty_video_game,fashion and beauty video game
genre_pub_game,pub game
genre_figure_skating_video_game,figure skating video game
genre_running,running
genre_design,design
genre_urban_crawl,urban crawl
genre_train_simulator,train simulator
genre_emergent_gameplay,emergent gameplay
genre_social_VR,social VR
genre_romantic_comedy,romantic comedy
genre_co-op_mode,co-op mode
genre_sandbox_game,sandbox game
genre_speculative/fantastic_fiction,speculative/fantastic fiction
genre_extreme_sports_video_game,extreme sports video game
genre_non-game,non-game
genre_arena_football,arena football
genre_military,military
genre_crying_game,crying game
genre_3D_video_game,3D video game
genre_point-and-click_adventure,point-and-click adventure
genre_game_of_skill,game of skill
genre_romance_adventure_game,romance adventure game
genre_boxing_video_game,boxing video game
genre_fantasy_video_game,fantasy video game
genre_tournament,tournament
genre_vertically_scrolling_video_game,vertically scrolling video game
genre_heavy_metal,heavy metal
genre_shooting_gallery_game,shooting gallery game
genre_space_opera_video_game,space opera video game
genre_2D_computer_graphics,2D computer graphics
genre_falling_block_puzzle_game,falling block puzzle game
genre_ice_hockey_management_game,ice hockey management game
genre_adventure_game,adventure game
genre_3D_platform_game,3D platform game
genre_olympic_video_game,olympic video game
genre_extreme_sport,extreme sport
genre_lacrosse_video_game,lacrosse video game
genre_Transport_puzzle,Transport puzzle
genre_video_game_art,video game art
genre_action_game,action game
genre_zombie_apocalyptic_television_program,zombie apocalyptic television program
genre_MU*,MU*
genre_visual_novel,visual novel
genre_romance_anime_and_manga,romance anime and manga
genre_tactical_wargame,tactical wargame
genre_suspense_anime_and_manga,suspense anime and manga
genre_interactive_novel,interactive novel
genre_biathlon_video_game,biathlon video game
genre_drinking_game,drinking game
genre_LGBTI+_related_video_game,LGBTI+ related video game
genre_artificial_life,artificial life
genre_association_football_video_game,association football video game
genre_flight_simulation,flight simulation
genre_tower_defense,tower defense
genre_dating_sim,dating sim
genre_match-three_video_game,match-three video game
genre_economics,economics
genre_rail_shooter,rail shooter
genre_collect-a-thon_platformer,collect-a-thon platformer
genre_Formula_One_racing,Formula One racing
genre_learning,learning
genre_2D_platform_game,2D platform game
genre_snooker_video_game,snooker video game
genre_immersive_sim,immersive sim
genre_chiptune,chiptune
genre_online_creation,online creation
genre_science_fantasy,science fantasy
genre_casual_game,casual game
genre_3D_computer_graphics,3D computer graphics
genre_escape_room_video_game,escape room video game
genre_science_fiction_video_game,science fiction video game
genre_Grand_Theft_Auto_clone,Grand Theft Auto clone
genre_role-playing_video_game,role-playing video game
genre_one-move_game,one-move game
genre_slice_of_life_anime_and_manga,slice of life anime and manga
genre_detective_fiction,detective fiction
genre_endless_video_game,endless video game
genre_miniature_golf_video_game,miniature golf video game
genre_tech_noir,tech noir
genre_Kinect,Kinect
genre_versus_fighting_game,versus fighting game
genre_Breakout_clone,Breakout clone
genre_Kemonā,Kemonā
genre_furry_fandom,furry fandom
genre_first-person_view,first-person view
genre_hard_science_fiction,hard science fiction
genre_occult_detective_fiction,occult detective fiction
genre_party_video_game,party video game
genre_roguelike_deck-building_game,roguelike deck-building game
genre_card_battle_video_game,card battle video game
genre_PlayStation_Move,PlayStation Move
genre_romance_film,romance film
genre_bullet_hell,bullet hell
genre_text-based_video_game,text-based video game
genre_abstract_art,abstract art
genre_memory_video_game,memory video game
genre_gallows_humor,gallows humor
genre_VR_video_game,VR video game
genre_narration,narration
genre_hard_science_fiction_video_game,hard science fiction video game
genre_adventure_novel,adventure novel
genre_comedy_drama,comedy drama
genre_trivia,trivia
genre_music_video_game,music video game
genre_cyberpunk_video_game,cyberpunk video game
genre_photography_game,photography game
genre_tank_simulation_game,tank simulation game
genre_quest,quest
genre_hack_and_slash,hack and slash
genre_role-playing_game,role-playing game
genre_encyclopedia,encyclopedia
genre_flight,flight
genre_dodgeball_video_game,dodgeball video game
genre_psychological_horror_video_game,psychological horror video game
genre_tactical_role-playing_game,tactical role-playing game
genre_battle_royale_game,battle royale game
genre_Q4011394,Q4011394
genre_game_show_video_game,game show video game
genre_floorball_video_game,floorball video game
genre_gaelic_games_video_game,gaelic games video game
genre_simulation_video_game,simulation video game
genre_beach_volleyball_video_game,beach volleyball video game
genre_backgammon_video_game,backgammon video game
genre_endless_runner_game,endless runner game
genre_J-pop,J-pop
genre_cricket_video_game,cricket video game
genre_cracker,cracker
genre_capture_the_flag,capture the flag
genre_time-travel_television_program,time-travel television program
genre_martial_arts_video_game,martial arts video game
genre_horror_fiction,horror fiction
genre_comedy,comedy
genre_kinetic_novel,kinetic novel
genre_scrolling,scrolling
genre_light_gun,light gun
genre_anime,anime
genre_Formula_One,Formula One
genre_LGBTI+_related_TV_series,LGBTI+ related TV series
genre_behind-the-scenes,behind-the-scenes
genre_board_video_game,board video game
genre_tile-based_game,tile-based game
genre_isometric_video_game_graphics,isometric video game graphics
genre_yaoi_game,yaoi game
genre_electronic_game,electronic game
genre_turn-based_strategy_video_game,turn-based strategy video game
genre_autobiography,autobiography
genre_bus_simulation_video_game,bus simulation video game
genre_top-down_shooter,top-down shooter
genre_instant_messaging,instant messaging
genre_list_of_multiplayer_browser_games,list of multiplayer browser games
genre_psychological_thriller,psychological thriller
genre_mystery_video_game,mystery video game
genre_level_editor,level editor
genre_education,education
genre_video_game_compilation,video game compilation
genre_cinematic_platformer,cinematic platformer
genre_god_game,god game
genre_legal_drama,legal drama
genre_stunt_racing_video_game,stunt racing video game
genre_learning_material,learning material
genre_roguelike,roguelike
genre_science_fantasy_video_game,science fantasy video game
genre_World_War_II,World War II
genre_miniature_golf,miniature golf
genre_karaoke,karaoke
genre_horror_anime_and_manga,horror anime and manga
genre_romance,romance
genre_tennis_video_game,tennis video game
genre_jousteling,jousteling
genre_military_education_and_training,military education and training
genre_action-adventure_game,action-adventure game
genre_social_network_game,social network game
genre_Christmas_video_game,Christmas video game
genre_wuxia,wuxia
genre_crossover_fiction,crossover fiction
genre_isekai,isekai
genre_handball_video_game,handball video game
genre_adult_animation,adult animation
genre_volleyball_video_game,volleyball video game
genre_application,application
genre_low_fantasy,low fantasy
genre_grand_strategy_wargame,grand strategy wargame
genre_high_fantasy,high fantasy
genre_Metroidvania,Metroidvania
genre_hockey_video_game,hockey video game
genre_Christian_video_game,Christian video game
genre_show_jumping,show jumping
genre_incremental_game,incremental game
genre_chess,chess
genre_tabletop_role-playing_game,tabletop role-playing game
genre_erotica,erotica
genre_table_tennis_video_game,table tennis video game
genre_single-player_video_game,single-player video game
genre_action_anime_and_manga,action anime and manga
genre_photography,photography
genre_traffic_simulation_game,traffic simulation game
genre_sword_and_sorcery,sword and sorcery
genre_drama_television_series,drama television series
genre_space,space
genre_utility_software,utility software
genre_romance_video_game,romance video game
genre_Family_game,Family game
genre_language_learning_video_game,language learning video game
genre_fantasy_comedy,fantasy comedy
genre_satirical_video_game,satirical video game
genre_indie_game,indie game
genre_hero_shooter,hero shooter
genre_pachinko_video_game,pachinko video game
genre_massively_multiplayer_online_role-playing_game,massively multiplayer online role-playing game
genre_association_football,association football
genre_squash_video_game,squash video game
genre_family_drama,family drama
genre_survival_horror,survival horror
genre_massively_multiplayer_browser_role-playing_game,massively multiplayer browser role-playing game
genre_strategy_guide,strategy guide
genre_parody,parody
genre_motocross_racing_video_game,motocross racing video game
genre_bat-and-ball_game,bat-and-ball game
genre_2.5D_platform_game,2.5D platform game
genre_twin-stick_shooter,twin-stick shooter
genre_skiing_video_game,skiing video game
genre_mixed_martial_arts_video_game,mixed martial arts video game
genre_Dynamical_simulation,Dynamical simulation
genre_artillery_game,artillery game
genre_timekeeping_in_games,timekeeping in games
genre_vampire_anime_and_manga,vampire anime and manga
genre_water_sports_video_game,water sports video game
genre_comedy_video_game,comedy video game
genre_harem,harem
genre_falling-sand_game,falling-sand game
genre_educational_video_game,educational video game
genre_educational_game,educational game
genre_fairy_tale,fairy tale
genre_business_simulation_game,business simulation game
genre_dance_video_game,dance video game
genre_patience,patience
genre_romance_novel,romance novel
genre_lifestyle,lifestyle
genre_strategy_video_game,strategy video game
genre_fighting_game,fighting game
genre_Dancing,Dancing
genre_equestrian_video_game,equestrian video game
genre_truck_simulation_video_game,truck simulation video game
genre_medieval_fantasy,medieval fantasy
genre_Gore,Gore
genre_interactive_fiction,interactive fiction
genre_off-road_racing_video_game,off-road racing video game
genre_simulator,simulator
genre_tile-matching_video_game,tile-matching video game
genre_ship_personification,ship personification
genre_horizontally_scrolling_shooter,horizontally scrolling shooter
genre_traditional_video_game,traditional video game
genre_sports_video_game,sports video game
genre_World_War_I,World War I
genre_location-based_game,location-based game
genre_quiz_video_game,quiz video game
genre_strategy_game,strategy game
genre_dark_fantasy,dark fantasy
genre_demolition_derby,demolition derby
genre_character-action_video_game,character-action video game
genre_superhero_video_game,superhero video game
genre_web_browser,web browser
genre_karaoke_video_game,karaoke video game
genre_military_science_fiction,military science fiction
genre_interactive_storytelling,interactive storytelling
genre_black_comedy,black comedy
genre_motorcycle_video_game,motorcycle video game
genre_massively_multiplayer_online_third-person_shooter_game,massively multiplayer online third-person shooter game
genre_pinball_machine_game,pinball machine game
genre_mind_game,mind game
genre_shooter_game,shooter game
platform_Game_&_Watch_series,Game & Watch series
platform_Unix-like_operating_system,Unix-like operating system
platform_Nintendo_DS_Lite,Nintendo DS Lite
platform_TurboGrafx-16,TurboGrafx-16
platform_nD,nD
platform_Intellivision_Amico,Intellivision Amico
platform_R4600,R4600
platform_PlayStation_Vita,PlayStation Vita
platform_Sinclair_ZX81,Sinclair ZX81
platform_Nintendo_DSi,Nintendo DSi
platform_Apple_IIGS,Apple IIGS
platform_Oric,Oric
platform_Classic_Mac_OS,Classic Mac OS
platform_Pelican_VG_Pocket,Pelican VG Pocket
platform_macOS,macOS
platform_Flipper_Zero,Flipper Zero
platform_Dragon_32,Dragon 32
platform_PlayStation_Mobile,PlayStation Mobile
platform_TRS-80_Model_I,TRS-80 Model I
platform_Windows_3.x,Windows 3.x
platform_Java_Platform,_Micro_Edition,Java Platform, Micro Edition
platform_browser_game,browser game
platform_GREE,GREE
platform_Namco_System_11,Namco System 11
platform_SAM_Coupé,SAM Coupé
platform_CP_System,CP System
platform_Symbian,Symbian
platform_BlackBerry_Z10,BlackBerry Z10
platform_iPadOS,iPadOS
platform_Model_1,Model 1
platform_WonderSwan,WonderSwan
platform_NEC_PC-9800_series,NEC PC-9800 series
platform_PDP-10,PDP-10
platform_Zune_HD,Zune HD
platform_VK,VK
platform_Gameband,Gameband
platform_Elektronika_IM,Elektronika IM
platform_watchOS,watchOS
platform_Cascading_Style_Sheets,Cascading Style Sheets
platform_Netflix,Netflix
platform_Game_Boy_Advance,Game Boy Advance
platform_Acorn_Archimedes,Acorn Archimedes
platform_WonderSwan_Color,WonderSwan Color
platform_BlackBerry_Tablet_OS,BlackBerry Tablet OS
platform_Amstrad_CPC_Plus,Amstrad CPC Plus
platform_http://www.wikidata.org/.well-known/genid/0df9472c8c54094ad9c6c4d2fdb574e9,http://www.wikidata.org/.well-known/genid/0df9472c8c54094ad9c6c4d2fdb574e9
platform_N-Gage,N-Gage
platform_Sega_Master_System,Sega Master System
platform_MOTO_Gamme,MOTO Gamme
platform_Namco_System_10,Namco System 10
platform_View-Master_Interactive_Vision,View-Master Interactive Vision
platform_Facebook,Facebook
platform_Nvidia_Shield_TV,Nvidia Shield TV
platform_MS-DOS,MS-DOS
platform_PlayStation_2,PlayStation 2
platform_OpenBSD,OpenBSD
platform_Series_40,Series 40
platform_iOS,iOS
platform_HTML5,HTML5
platform_Sega_Titan_Video,Sega Titan Video
platform_Amstrad_PCW,Amstrad PCW
platform_Thomson_MO,Thomson MO
platform_Apple_II_series,Apple II series
platform_Neo_Geo_Pocket,Neo Geo Pocket
platform_Power_Macintosh,Power Macintosh
platform_MorphOS,MorphOS
platform_Sega_NAOMI,Sega NAOMI
platform_Linux,Linux
platform_RISC_OS,RISC OS
platform_PlayStation_4,PlayStation 4
platform_PC-98,PC-98
platform_Xerox_Alto,Xerox Alto
platform_OpenVMS,OpenVMS
platform_Game_Boy,Game Boy
platform_Sharp_MZ,Sharp MZ
platform_calculator,calculator
platform_Psycho_Soldier,Psycho Soldier
platform_Wii_U,Wii U
platform_Facebook_Platform,Facebook Platform
platform_Advanced_Pico_Beena,Advanced Pico Beena
platform_Atari_800,Atari 800
platform_Nintendo_Entertainment_System,Nintendo Entertainment System
platform_Atari_TOS,Atari TOS
platform_PlayStation_Store,PlayStation Store
platform_OS/2,OS/2
platform_DoJa,DoJa
platform_Java,Java
platform_watch,watch
platform_Nintendo_3DS_family,Nintendo 3DS family
platform_Unix,Unix
platform_Namco_Galaga,Namco Galaga
platform_Intellivision,Intellivision
platform_Raspberry_Pi,Raspberry Pi
platform_GNOME_Web,GNOME Web
platform_web_platform,web platform
platform_IRIX,IRIX
platform_Olivetti_Prodest_PC_128,Olivetti Prodest PC 128
platform_TIA-MC-1,TIA-MC-1
platform_Nintendo_VS._System,Nintendo VS. System
platform_list_of_DSiWare_games_and_applications,list of DSiWare games and applications
platform_Apple_II,Apple II
platform_Video_Genie,Video Genie
platform_PowerPC_600,PowerPC 600
platform_Quest_2,Quest 2
platform_Atari_2600,Atari 2600
platform_Mega_Drive_Mini,Mega Drive Mini
platform_Palm_OS,Palm OS
platform_Windows_Mobile,Windows Mobile
platform_Zeebo,Zeebo
platform_Triforce,Triforce
platform_R-Zone,R-Zone
platform_Dragon_32/64,Dragon 32/64
platform_Windows_2000,Windows 2000
platform_Pentium_4,Pentium 4
platform_Thomson_TO9,Thomson TO9
platform_DECSYSTEM-20,DECSYSTEM-20
platform_Google+,Google+
platform_PlayStation_Home,PlayStation Home
platform_Action_Max,Action Max
platform_Wii,Wii
platform_Amazon_Fire_TV,Amazon Fire TV
platform_Atari_5200,Atari 5200
platform_Odra_1003,Odra 1003
platform_BlackBerry_OS,BlackBerry OS
platform_Nintendo_Switch_Lite,Nintendo Switch Lite
platform_web_page,web page
platform_ALLS_HX2,ALLS HX2
platform_Namco_System_246,Namco System 246
platform_NEC_PC-8001,NEC PC-8001
platform_Cassette_Vision,Cassette Vision
platform_PlayStation_Portable,PlayStation Portable
platform_Google_Chrome,Google Chrome
platform_BlackBerry_PlayBook,BlackBerry PlayBook
platform_arcade_cabinet,arcade cabinet
platform_Atari_Falcon,Atari Falcon
platform_BBS_door,BBS door
platform_Shield_Tablet,Shield Tablet
platform_Vectrex,Vectrex
platform_Atari_Jaguar,Atari Jaguar
platform_Amstrad_CPC,Amstrad CPC
platform_Apple_II_Plus,Apple II Plus
platform_Apple_TV,Apple TV
platform_Oculus_Quest,Oculus Quest
platform_KC_85,KC 85
platform_PDP-7,PDP-7
platform_ZN-1,ZN-1
platform_Raiden_II,Raiden II
platform_Commodore_Amiga,Commodore Amiga
platform_NeXTSTEP,NeXTSTEP
platform_Mac_OS_8,Mac OS 8
platform_Sega_X_Board,Sega X Board
platform_i-αppli,i-αppli
platform_QNX,QNX
platform_TI-83_Plus,TI-83 Plus
platform_Sega_CD,Sega CD
platform_Tatung_Einstein,Tatung Einstein
platform_PlayStation_5,PlayStation 5
platform_Sharp_MZ-2000,Sharp MZ-2000
platform_arcade_video_game_machine,arcade video game machine
platform_Sega_32X,Sega 32X
platform_Fairchild_Channel_F,Fairchild Channel F
platform_Amiga_1200,Amiga 1200
platform_Virtual_Boy,Virtual Boy
platform_Xbox_network,Xbox network
platform_Adobe_Flash,Adobe Flash
platform_Namco_System_256,Namco System 256
platform_V_Cast,V Cast
platform_Motorola_68000,Motorola 68000
platform_Browser,Browser
platform_Atari_Lynx,Atari Lynx
platform_Tizen,Tizen
platform_Super_Cassette_Vision,Super Cassette Vision
platform_mobile_telephony,mobile telephony
platform_Mixi,Mixi
platform_DOS,DOS
platform_Q11253139,Q11253139
platform_mobile_phone,mobile phone
platform_CP_System_III,CP System III
platform_DigiBLAST,DigiBLAST
platform_Tomy_Tutor,Tomy Tutor
platform_Naomi_2,Naomi 2
platform_Berkeley_Software_Distribution,Berkeley Software Distribution
platform_Internet,Internet
platform_cross-platform,cross-platform
platform_NTT_DoCoMo,NTT DoCoMo
platform_GP2X,GP2X
platform_Maemo,Maemo
platform_iPod_Touch,iPod Touch
platform_NES_Classic_Edition,NES Classic Edition
platform_MOS_Technology_6502,MOS Technology 6502
platform_pachinko_slot_machine,pachinko slot machine
platform_Android_Ice_Cream_Sandwich,Android Ice Cream Sandwich
platform_slot_machine,slot machine
platform_Nuon,Nuon
platform_Universal_Windows_Platform,Universal Windows Platform
platform_Gizmondo,Gizmondo
platform_Osborne_1,Osborne 1
platform_Kindle_Fire_HD,Kindle Fire HD
platform_Acorn_Electron,Acorn Electron
platform_FreeBSD,FreeBSD
platform_DVD_player,DVD player
platform_http://www.wikidata.org/.well-known/genid/9608d28604cec826b210c5935054e075,http://www.wikidata.org/.well-known/genid/9608d28604cec826b210c5935054e075
platform_Hangame,Hangame
platform_Microsoft_Windows,Microsoft Windows
platform_Commodore_Plus/4,Commodore Plus/4
platform_ZN-2,ZN-2
platform_Commodore_PET,Commodore PET
platform_online_and_offline,online and offline
platform_Solaris,Solaris
platform_smartphone,smartphone
platform_Timex_Sinclair_2068,Timex Sinclair 2068
platform_Philips_CD-i,Philips CD-i
platform_Atari_Panther,Atari Panther
platform_SGI_Onyx,SGI Onyx
platform_PC_game,PC game
platform_Sega_Saturn,Sega Saturn
platform_CP/M,CP/M
platform_ColecoVision,ColecoVision
platform_Commodore_64,Commodore 64
platform_NEC_PC-9801_series,NEC PC-9801 series
platform_Philips_Videopac+_G7400,Philips Videopac+ G7400
platform_Didaktik,Didaktik
platform_Epson_QX-10,Epson QX-10
platform_Tomahawk_F1,Tomahawk F1
platform_Windows_3.1,Windows 3.1
platform_IBM_Personal_Computer,IBM Personal Computer
platform_PC-6600_series,PC-6600 series
platform_Coleco_Adam,Coleco Adam
platform_BSD,BSD
platform_Commodore_128,Commodore 128
platform_Atari,Atari
platform_visionOS,visionOS
platform_Xbox_Series_X_and_Series_S,Xbox Series X and Series S
platform_Exelvision_EXL_100,Exelvision EXL 100
platform_Sharp_X68000,Sharp X68000
platform_PC-8000_series,PC-8000 series
platform_Haiku,Haiku
platform_MSX_TurboR,MSX TurboR
platform_Arcadia_2001,Arcadia 2001
platform_Android_emulator,Android emulator
platform_HAL_21,HAL 21
platform_web_browser_engine,web browser engine
platform_HarmonyOS,HarmonyOS
platform_Thomson_TO7,Thomson TO7
platform_New_Nintendo_3DS,New Nintendo 3DS
platform_MSX,MSX
platform_Mac_OS_9,Mac OS 9
platform_Mattel_Aquarius,Mattel Aquarius
platform_Nintendo_e-Reader,Nintendo e-Reader
platform_Atari_Jaguar_CD,Atari Jaguar CD
platform_WarpOS,WarpOS
platform_pachinko,pachinko
platform_Amiga_4000,Amiga 4000
platform_BASIC,BASIC
platform_TGP_Box,TGP Box
platform_MeeGo,MeeGo
platform_IBM_PC,IBM PC
platform_Family_Computer,Family Computer
platform_Thomson_MO5,Thomson MO5
platform_Thomson_TO8,Thomson TO8
platform_Debian,Debian
platform_Taito_Type_X,Taito Type X
platform_x86,x86
platform_WebGL,WebGL
platform_Dreamcast,Dreamcast
platform_Mac,Mac
platform_Odyssey,Odyssey
platform_PC-6000_series,PC-6000 series
platform_Nintendo_3DS,Nintendo 3DS
platform_FM-7,FM-7
platform_Java_platform,Java platform
platform_online_game,online game
platform_Oric_Atmos,Oric Atmos
platform_Sega_System_32,Sega System 32
platform_dedicated_console,dedicated console
platform_Sega_Genesis,Sega Genesis
platform_FM_Towns,FM Towns
platform_Apricot_PC,Apricot PC
platform_Z-machine,Z-machine
platform_Namco_System_12,Namco System 12
platform_Nintendo_GameCube,Nintendo GameCube
platform_Flash_Video,Flash Video
platform_Microtex_666,Microtex 666
platform_Roku,Roku
platform_Q11232595,Q11232595
platform_Macintosh_operating_systems,Macintosh operating systems
platform_Commodore_16,Commodore 16
platform_Fire_OS,Fire OS
platform_Nook_Color,Nook Color
platform_VAX,VAX
platform_WiiWare,WiiWare
platform_Kaypro,Kaypro
platform_SkillGround,SkillGround
platform_BlackBerry_10,BlackBerry 10
platform_Enterprise,Enterprise
platform_SG-1000,SG-1000
platform_Xbox_One,Xbox One
platform_General_Comprehensive_Operating_System,General Comprehensive Operating System
platform_S!Appli,S!Appli
platform_handheld_electronic_game,handheld electronic game
platform_Game_Boy_family,Game Boy family
platform_ChromeOS,ChromeOS
platform_Windows 10_Mobile,Windows 10 Mobile
platform_Amiga_Enhanced_Chip_Set,Amiga Enhanced Chip Set
platform_Java_Platform,_Standard_Edition,Java Platform, Standard Edition
platform_CP_System_II,CP System II
platform_Commodore_16_and_Plus/4,Commodore 16 and Plus/4
platform_IBM_700/7000_series,IBM 700/7000 series
platform_IA-32,IA-32
platform_Shield_Portable,Shield Portable
platform_Glulx,Glulx
platform_CompuServe,CompuServe
platform_Commodore_VIC-20,Commodore VIC-20
platform_HP_3000,HP 3000
platform_Pandora,Pandora
platform_Pokémon_Mini,Pokémon Mini
platform_SNK_68K_Based_Hardware,SNK 68K Based Hardware
platform_NeXT,NeXT
platform_Texas_Instruments_TI-99/4A,Texas Instruments TI-99/4A
platform_Mega_Drive_Mini_2,Mega Drive Mini 2
platform_Thomson_TO,Thomson TO
platform_Satellaview,Satellaview
platform_NetBSD,NetBSD
platform_MSX_2,MSX 2
platform_Acorn_Atom,Acorn Atom
platform_Xbox_360,Xbox 360
platform_Coleco,Coleco
platform_Virtual_Console,Virtual Console
platform_mobile_game,mobile game
platform_Dynavision,Dynavision
platform_PMD_85,PMD 85
platform_Sega_SC-3000,Sega SC-3000
platform_ZX_Spectrum,ZX Spectrum
platform_Intel_8080,Intel 8080
platform_PIECE,PIECE
platform_Motorola_6809,Motorola 6809
platform_PC_Engine_SuperGrafx,PC Engine SuperGrafx
platform_IBM_7090,IBM 7090
platform_Windows_Mobile_2003,Windows Mobile 2003
platform_Amazon,Amazon
platform_Chihiro,Chihiro
platform_Oric_Telestrat,Oric Telestrat
platform_mainframe_computer,mainframe computer
platform_Super_Nintendo_Entertainment_System,Super Nintendo Entertainment System
platform_Atomiswave,Atomiswave
platform_Kinect,Kinect
platform_Game_Boy_Color,Game Boy Color
platform_Mii,Mii
platform_Hitachi_6309,Hitachi 6309
platform_KC_compact,KC compact
platform_iQue_Player,iQue Player
platform_Sega_System_18,Sega System 18
platform_Videotel,Videotel
platform_PlayStation,PlayStation
platform_Mobage,Mobage
platform_Super_NES_Classic_Edition,Super NES Classic Edition
platform_Game_Gear,Game Gear
platform_System_SSV,System SSV
platform_PC,PC
platform_Windows_Phone,Windows Phone
platform_personal_computer,personal computer
platform_Neo_Geo,Neo Geo
platform_Apple_IIe,Apple IIe
platform_DVD,DVD
platform_Atari_400,Atari 400
platform_Namco_System_ES3,Namco System ES3
platform_Original_Chip_Set,Original Chip Set
platform_Entex_Adventure_Vision,Entex Adventure Vision
platform_TurboGrafx-CD,TurboGrafx-CD
platform_Internet_Explorer,Internet Explorer
platform_Playdia,Playdia
platform_Macintosh_512K,Macintosh 512K
platform_Apple_Pippin,Apple Pippin
platform_PC-1512,PC-1512
platform_S60,S60
platform_Neo_Geo_Pocket_Color,Neo Geo Pocket Color
platform_Windows_RT,Windows RT
platform_mobile_device,mobile device
platform_PLATO,PLATO
platform_iPod,iPod
platform_CDTV,CDTV
platform_TRS-80_Color_Computer,TRS-80 Color Computer
platform_Oric-1,Oric-1
platform_Sinclair_QL,Sinclair QL
platform_Ouya,Ouya
platform_Binary_Runtime_Environment_for_Wireless,Binary Runtime Environment for Wireless
platform_64DD,64DD
platform_PlayStation_3,PlayStation 3
platform_Commodore_64_Games_System,Commodore 64 Games System
platform_Commodore_International,Commodore International
platform_Motorola_68010,Motorola 68010
platform_Commodore_MAX_Machine,Commodore MAX Machine
platform_Main_Event,Main Event
platform_Amiga_CD32,Amiga CD32
platform_Amazon_Kindle,Amazon Kindle
platform_Amstrad_GX4000,Amstrad GX4000
platform_Mitchell,Mitchell
platform_NEC_PC-8800_series,NEC PC-8800 series
platform_HP_2100,HP 2100
platform_handheld_game_console,handheld game console
platform_Sharp_X1,Sharp X1
platform_Atari_8-bit_family,Atari 8-bit family
platform_IBM_PC_compatible,IBM PC compatible
platform_Windows_Phone_8,Windows Phone 8
platform_NMS_Software,NMS Software
platform_AmigaOS,AmigaOS
platform_Android,Android
platform_Windows_9x,Windows 9x
platform_Neo_Geo_CD,Neo Geo CD
platform_Xbox,Xbox
platform_Nintendo_64,Nintendo 64
platform_Thomson_MO6,Thomson MO6
platform_Atari_7800,Atari 7800
platform_Super_Game_Boy,Super Game Boy
platform_Q17232580,Q17232580
platform_BlueSky_Software,BlueSky Software
platform_Magnavox_Odyssey²,Magnavox Odyssey²
platform_Sharp_Zaurus,Sharp Zaurus
platform_BlackBerry,BlackBerry
platform_Bada,Bada
platform_arcade_system_board,arcade system board
platform_3DO_Interactive_Multiplayer,3DO Interactive Multiplayer
platform_R3000,R3000
platform_Q2892893,Q2892893
platform_BBC_Micro,BBC Micro
platform_Nintendo_Switch,Nintendo Switch
platform_Amiga_500,Amiga 500
platform_Yahoo!_Mobage,Yahoo! Mobage
platform_Samsung_Electronics,Samsung Electronics
platform_Neo-Geo_MVS,Neo-Geo MVS
platform_BeOS,BeOS
platform_arcade_game,arcade game
platform_handheld_TV_game,handheld TV game
platform_Atari_System,Atari System
platform_PlayChoice-10,PlayChoice-10
platform_RiscPC,RiscPC
platform_PlayStation_TV,PlayStation TV
platform_Atari_TT030,Atari TT030
platform_Series_30+,Series 30+
platform_Nintendo_DS,Nintendo DS
platform_Sega_Mega-Tech,Sega Mega-Tech
platform_TurboDuo,TurboDuo
platform_FM_Towns_Marty,FM Towns Marty
platform_Multics,Multics
platform_Windows_7,Windows 7
platform_PDP-1,PDP-1
platform_PC-FX,PC-FX
platform_Family_Computer_Disk_System,Family Computer Disk System
platform_Smaky,Smaky
platform_Namco_System_22,Namco System 22
platform_Thomson_TO7-70,Thomson TO7-70
platform_TMS34010,TMS34010
platform_Neo_Geo_AES,Neo Geo AES
platform_Silicon_Graphics,Silicon Graphics
platform_Tandy_Video_Information_System,Tandy Video Information System
platform_Windows_Phone_8.1,Windows Phone 8.1
platform_Seta_1st_Generation,Seta 1st Generation
platform_IBM_Personal_Computer_XT,IBM Personal Computer XT
platform_Super_A'Can,Super A'Can
platform_computer,computer
platform_Java_Virtual_Machine,Java Virtual Machine
platform_OnLive,OnLive
platform_Microvision,Microvision
platform_Marvin's_Maze,Marvin's Maze
platform_Donner_Model_30,Donner Model 30
platform_Zilog_Z80,Zilog Z80
platform_Electronic_Delay_Storage_Automatic_Calculator,Electronic Delay Storage Automatic Calculator
platform_Sega_Pico,Sega Pico
platform_Intel_8086,Intel 8086
platform_Kindle_Fire,Kindle Fire
platform_DECO_Cassette_System,DECO Cassette System
platform_Rock-ola,Rock-ola
platform_Nintendo_Super_System,Nintendo Super System
platform_tvOS,tvOS
platform_i-mode,i-mode
platform_Playdate,Playdate
platform_Toshiba_Pasopia_7,Toshiba Pasopia 7
platform_Sega_System_C-2,Sega System C-2
platform_PV-1000,PV-1000
platform_Atari_ST,Atari ST
platform_Sharp_MZ-2500,Sharp MZ-2500
platform_TRS-80,TRS-80
platform_TRS-80_Color_Computer_3,TRS-80 Color Computer 3
platform_PC_booter,PC booter
platform_web_browser,web browser
platform_Freedom_of_Mobile_Multimedia_Access,Freedom of Mobile Multimedia Access
platform_miniStation,miniStation
platform_webOS,webOS
platform_Pocket_PC,Pocket PC
gameModes_Xbox_network,Xbox network
gameModes_single-player_video_game,single-player video game
gameModes_tournament,tournament
gameModes_attract_mode,attract mode
gameModes_last_man_standing,last man standing
gameModes_third-person_view,third-person view
gameModes_random_decks,random decks
gameModes_LAN_party,LAN party
gameModes_shared/splitscreen_multiplayer,shared/splitscreen multiplayer
gameModes_role-playing_game,role-playing game
gameModes_minigame,minigame
gameModes_massively_multiplayer_online_game,massively multiplayer online game
gameModes_zero-player_game,zero-player game
gameModes_local_co-op,local co-op
gameModes_player_versus_environment,player versus environment
gameModes_combat,combat
gameModes_massively_multiplayer_online_role-playing_game,massively multiplayer online role-playing game
gameModes_local_area_network,local area network
gameModes_Deathmatch,Deathmatch
gameModes_hotseat,hotseat
gameModes_demolition,demolition
gameModes_multiplayer_video_game,multiplayer video game
gameModes_zombie,zombie
gameModes_survival_mode,survival mode
gameModes_two-player_video_game,two-player video game
gameModes_http://www.wikidata.org/.well-known/genid/aced342c64056daecc436f7bfd626987,http://www.wikidata.org/.well-known/genid/aced342c64056daecc436f7bfd626987
gameModes_http://www.wikidata.org/.well-known/genid/bf26034aa0a2708755d956d275b466b8,http://www.wikidata.org/.well-known/genid/bf26034aa0a2708755d956d275b466b8
gameModes_arcade_video_game_machine,arcade video game machine
gameModes_online_game,online game
gameModes_custom_decks,custom decks
gameModes_co-op_mode,co-op mode
gameModes_http://www.wikidata.org/.well-known/genid/e5e9814db1b7e891215037152ef2f1a8,http://www.wikidata.org/.well-known/genid/e5e9814db1b7e891215037152ef2f1a8
gameModes_online_and_offline,online and offline
gameModes_text-based_video_game,text-based video game
gameModes_player_versus_player,player versus player
gameModes_offline_multiplayer,offline multiplayer
gameModes_ad_hoc,ad hoc
gameModes_tower_defense,tower defense
gameModes_parlour_game,parlour game
gameModes_point-and-click_adventure,point-and-click adventure
gameModes_Draft_tournament,Draft tournament
gameModes_multiplayer_online_game,multiplayer online game
gameModes_infinity,infinity
inputDevice_DualShock,DualShock
inputDevice_flight_yoke,flight yoke
inputDevice_numeric_keypad,numeric keypad
inputDevice_Wii_U_GamePad,Wii U GamePad
inputDevice_telephone_keypad,telephone keypad
inputDevice_Wii_MotionPlus,Wii MotionPlus
inputDevice_USB_device_controller,USB device controller
inputDevice_chiclet_keyboard,chiclet keyboard
inputDevice_Wii_U_Pro_Controller,Wii U Pro Controller
inputDevice_Nintendo_GameCube_controller,Nintendo GameCube controller
inputDevice_GunCon,GunCon
inputDevice_PlayStation_3,PlayStation 3
inputDevice_Wii_Speak,Wii Speak
inputDevice_Nunchuk,Nunchuk
inputDevice_joystick,joystick
inputDevice_light_gun,light gun
inputDevice_Steam_Controller,Steam Controller
inputDevice_Gravis_Gamepad,Gravis Gamepad
inputDevice_Wii_Zapper,Wii Zapper
inputDevice_pedal,pedal
inputDevice_electronic_keyboard,electronic keyboard
inputDevice_motion_controller,motion controller
inputDevice_DK_Bongos,DK Bongos
inputDevice_PlayStation_2_Headset,PlayStation 2 Headset
inputDevice_PlayStation_Camera,PlayStation Camera
inputDevice_keyboard,keyboard
inputDevice_PlayStation_controller,PlayStation controller
inputDevice_keyboard_instrument,keyboard instrument
inputDevice_dance_pad,dance pad
inputDevice_touchpad,touchpad
inputDevice_TrackIR,TrackIR
inputDevice_tracked_motion_controller,tracked motion controller
inputDevice_foot_controller,foot controller
inputDevice_global_navigation_satellite_system,global navigation satellite system
inputDevice_racing_wheel,racing wheel
inputDevice_Super_Scope,Super Scope
inputDevice_multiplayer_video_game,multiplayer video game
inputDevice_stylus,stylus
inputDevice_MIDI_controller,MIDI controller
inputDevice_Xbox_Live_Vision,Xbox Live Vision
inputDevice_DualSense,DualSense
inputDevice_Mando,Mando
inputDevice_taiko,taiko
inputDevice_push-button,push-button
inputDevice_Joy-Con_controllers,Joy-Con controllers
inputDevice_Wii_Remote,Wii Remote
inputDevice_mouse,mouse
inputDevice_crank,crank
inputDevice_DualShock_4,DualShock 4
inputDevice_control_knob,control knob
inputDevice_paddle,paddle
inputDevice_touchscreen,touchscreen
inputDevice_IBM_PC_keyboard,IBM PC keyboard
inputDevice_gamepad,gamepad
inputDevice_Wii_Balance_Board,Wii Balance Board
inputDevice_command,command
inputDevice_virtual_reality_headset,virtual reality headset
inputDevice_Xbox_controller,Xbox controller
inputDevice_single-player_video_game,single-player video game
inputDevice_computer_keyboard,computer keyboard
inputDevice_Oculus_Touch,Oculus Touch
inputDevice_Classic_Controller,Classic Controller
inputDevice_Xbox_Wireless_Controller,Xbox Wireless Controller
inputDevice_phonograph,phonograph
inputDevice_Kempston_Interface,Kempston Interface
inputDevice_gaming_pedals,gaming pedals
inputDevice_trackball,trackball
inputDevice_DualShock_2,DualShock 2
inputDevice_game_controller,game controller
inputDevice_Xbox_360,Xbox 360
inputDevice_RailDriver,RailDriver
inputDevice_HOTAS,HOTAS
inputDevice_graphic_tablet,graphic tablet
inputDevice_Super_NES_Mouse,Super NES Mouse
inputDevice_Ubisoft_Motion_Tracking_Camera,Ubisoft Motion Tracking Camera
inputDevice_D-pad,D-pad
inputDevice_smartphone,smartphone
inputDevice_DualShock_3,DualShock 3
inputDevice_http://www.wikidata.org/.well-known/genid/2acbe246f909b8bf02c25c1a78e7837d,http://www.wikidata.org/.well-known/genid/2acbe246f909b8bf02c25c1a78e7837d
inputDevice_guitar_controller,guitar controller
inputDevice_steering_wheel,steering wheel
inputDevice_musical_keyboard,musical keyboard
inputDevice_multi-touch,multi-touch
inputDevice_sensor,sensor
inputDevice_EyeToy,EyeToy
inputDevice_Nintendo_64_controller,Nintendo 64 controller
inputDevice_gyroscope,gyroscope
inputDevice_SegaScope_3-D_Glasses,SegaScope 3-D Glasses
inputDevice_uDraw_GameTablet,uDraw GameTablet
inputDevice_pointing_device,pointing device
inputDevice_PlayStation_Eye,PlayStation Eye
inputDevice_Kinect,Kinect
inputDevice_Nintendo_Switch_Pro_Controller,Nintendo Switch Pro Controller
inputDevice_Sixaxis,Sixaxis
inputDevice_throttle_quadrant,throttle quadrant
inputDevice_Go!Cam,Go!Cam
inputDevice_rotary_dial,rotary dial
inputDevice_Xbox_360_controller,Xbox 360 controller
inputDevice_PlayStation_Move,PlayStation Move
inputDevice_personal_computer,personal computer
inputDevice_ZX_Interface_2,ZX Interface 2
inputDevice_arcade_controller,arcade controller
inputDevice_microphone,microphone
